--
-- PostgreSQL database dump
--

-- Dumped from database version 12.9 (Ubuntu 12.9-2.pgdg20.04+1)
-- Dumped by pg_dump version 12.9 (Ubuntu 12.9-2.pgdg20.04+1)

SET statement_timeout = 0;
SET lock_timeout = 0;
SET idle_in_transaction_session_timeout = 0;
SET client_encoding = 'UTF8';
SET standard_conforming_strings = on;
SELECT pg_catalog.set_config('search_path', '', false);
SET check_function_bodies = false;
SET xmloption = content;
SET client_min_messages = warning;
SET row_security = off;

DROP DATABASE universe;
--
-- Name: universe; Type: DATABASE; Schema: -; Owner: freecodecamp
--

CREATE DATABASE universe WITH TEMPLATE = template0 ENCODING = 'UTF8' LC_COLLATE = 'C.UTF-8' LC_CTYPE = 'C.UTF-8';


ALTER DATABASE universe OWNER TO freecodecamp;

\connect universe

SET statement_timeout = 0;
SET lock_timeout = 0;
SET idle_in_transaction_session_timeout = 0;
SET client_encoding = 'UTF8';
SET standard_conforming_strings = on;
SELECT pg_catalog.set_config('search_path', '', false);
SET check_function_bodies = false;
SET xmloption = content;
SET client_min_messages = warning;
SET row_security = off;

SET default_tablespace = '';

SET default_table_access_method = heap;

--
-- Name: blackhole; Type: TABLE; Schema: public; Owner: freecodecamp
--

CREATE TABLE public.blackhole (
    blackhole_id integer NOT NULL,
    name character varying(30) NOT NULL,
    galaxy_id integer NOT NULL
);


ALTER TABLE public.blackhole OWNER TO freecodecamp;

--
-- Name: blackhole_blackhole_id_seq; Type: SEQUENCE; Schema: public; Owner: freecodecamp
--

CREATE SEQUENCE public.blackhole_blackhole_id_seq
    AS integer
    START WITH 1
    INCREMENT BY 1
    NO MINVALUE
    NO MAXVALUE
    CACHE 1;


ALTER TABLE public.blackhole_blackhole_id_seq OWNER TO freecodecamp;

--
-- Name: blackhole_blackhole_id_seq; Type: SEQUENCE OWNED BY; Schema: public; Owner: freecodecamp
--

ALTER SEQUENCE public.blackhole_blackhole_id_seq OWNED BY public.blackhole.blackhole_id;


--
-- Name: galaxy; Type: TABLE; Schema: public; Owner: freecodecamp
--

CREATE TABLE public.galaxy (
    galaxy_id integer NOT NULL,
    name character varying(30) NOT NULL,
    description text,
    galaxy_types character varying(20),
    some_galaxy_column integer
);


ALTER TABLE public.galaxy OWNER TO freecodecamp;

--
-- Name: galaxy_galaxy_id_seq; Type: SEQUENCE; Schema: public; Owner: freecodecamp
--

CREATE SEQUENCE public.galaxy_galaxy_id_seq
    AS integer
    START WITH 1
    INCREMENT BY 1
    NO MINVALUE
    NO MAXVALUE
    CACHE 1;


ALTER TABLE public.galaxy_galaxy_id_seq OWNER TO freecodecamp;

--
-- Name: galaxy_galaxy_id_seq; Type: SEQUENCE OWNED BY; Schema: public; Owner: freecodecamp
--

ALTER SEQUENCE public.galaxy_galaxy_id_seq OWNED BY public.galaxy.galaxy_id;


--
-- Name: moon; Type: TABLE; Schema: public; Owner: freecodecamp
--

CREATE TABLE public.moon (
    moon_id integer NOT NULL,
    name character varying(30) NOT NULL,
    planet_id integer,
    description text,
    some_moon_column integer
);


ALTER TABLE public.moon OWNER TO freecodecamp;

--
-- Name: moon_moon_id_seq; Type: SEQUENCE; Schema: public; Owner: freecodecamp
--

CREATE SEQUENCE public.moon_moon_id_seq
    AS integer
    START WITH 1
    INCREMENT BY 1
    NO MINVALUE
    NO MAXVALUE
    CACHE 1;


ALTER TABLE public.moon_moon_id_seq OWNER TO freecodecamp;

--
-- Name: moon_moon_id_seq; Type: SEQUENCE OWNED BY; Schema: public; Owner: freecodecamp
--

ALTER SEQUENCE public.moon_moon_id_seq OWNED BY public.moon.moon_id;


--
-- Name: planet; Type: TABLE; Schema: public; Owner: freecodecamp
--

CREATE TABLE public.planet (
    planet_id integer NOT NULL,
    name character varying(30),
    star_id integer NOT NULL,
    description text,
    has_life boolean,
    is_spherical boolean,
    distance_from_earth_in_millions_of_km numeric(4,1),
    planet_types character varying(20)
);


ALTER TABLE public.planet OWNER TO freecodecamp;

--
-- Name: planet_planet_id_seq; Type: SEQUENCE; Schema: public; Owner: freecodecamp
--

CREATE SEQUENCE public.planet_planet_id_seq
    AS integer
    START WITH 1
    INCREMENT BY 1
    NO MINVALUE
    NO MAXVALUE
    CACHE 1;


ALTER TABLE public.planet_planet_id_seq OWNER TO freecodecamp;

--
-- Name: planet_planet_id_seq; Type: SEQUENCE OWNED BY; Schema: public; Owner: freecodecamp
--

ALTER SEQUENCE public.planet_planet_id_seq OWNED BY public.planet.planet_id;


--
-- Name: star; Type: TABLE; Schema: public; Owner: freecodecamp
--

CREATE TABLE public.star (
    star_id integer NOT NULL,
    name character varying(30) NOT NULL,
    galaxy_id integer NOT NULL,
    description text,
    age_in_billions_of_years integer
);


ALTER TABLE public.star OWNER TO freecodecamp;

--
-- Name: star_star_id_seq; Type: SEQUENCE; Schema: public; Owner: freecodecamp
--

CREATE SEQUENCE public.star_star_id_seq
    AS integer
    START WITH 1
    INCREMENT BY 1
    NO MINVALUE
    NO MAXVALUE
    CACHE 1;


ALTER TABLE public.star_star_id_seq OWNER TO freecodecamp;

--
-- Name: star_star_id_seq; Type: SEQUENCE OWNED BY; Schema: public; Owner: freecodecamp
--

ALTER SEQUENCE public.star_star_id_seq OWNED BY public.star.star_id;


--
-- Name: blackhole blackhole_id; Type: DEFAULT; Schema: public; Owner: freecodecamp
--

ALTER TABLE ONLY public.blackhole ALTER COLUMN blackhole_id SET DEFAULT nextval('public.blackhole_blackhole_id_seq'::regclass);


--
-- Name: galaxy galaxy_id; Type: DEFAULT; Schema: public; Owner: freecodecamp
--

ALTER TABLE ONLY public.galaxy ALTER COLUMN galaxy_id SET DEFAULT nextval('public.galaxy_galaxy_id_seq'::regclass);


--
-- Name: moon moon_id; Type: DEFAULT; Schema: public; Owner: freecodecamp
--

ALTER TABLE ONLY public.moon ALTER COLUMN moon_id SET DEFAULT nextval('public.moon_moon_id_seq'::regclass);


--
-- Name: planet planet_id; Type: DEFAULT; Schema: public; Owner: freecodecamp
--

ALTER TABLE ONLY public.planet ALTER COLUMN planet_id SET DEFAULT nextval('public.planet_planet_id_seq'::regclass);


--
-- Name: star star_id; Type: DEFAULT; Schema: public; Owner: freecodecamp
--

ALTER TABLE ONLY public.star ALTER COLUMN star_id SET DEFAULT nextval('public.star_star_id_seq'::regclass);


--
-- Data for Name: blackhole; Type: TABLE DATA; Schema: public; Owner: freecodecamp
--

INSERT INTO public.blackhole VALUES (1, 'blackhole1', 1);
INSERT INTO public.blackhole VALUES (2, 'blackhole2', 2);
INSERT INTO public.blackhole VALUES (3, 'blackhole3', 3);


--
-- Data for Name: galaxy; Type: TABLE DATA; Schema: public; Owner: freecodecamp
--

INSERT INTO public.galaxy VALUES (1, 'galaxy1', 'This is some description about galaxy1.', 'elliptical', 125);
INSERT INTO public.galaxy VALUES (2, 'galaxy2', 'This is some description about galaxy2.', 'spiral', 247);
INSERT INTO public.galaxy VALUES (3, 'galaxy3', NULL, 'irregular', 163);
INSERT INTO public.galaxy VALUES (4, 'galaxy4', 'This is some description about galaxy4.', 'spiral', 67);
INSERT INTO public.galaxy VALUES (5, 'galaxy5', 'This is some description about galaxy5.', 'peculiar', 127);
INSERT INTO public.galaxy VALUES (6, 'galaxy6', NULL, 'spiral', 199);


--
-- Data for Name: moon; Type: TABLE DATA; Schema: public; Owner: freecodecamp
--

INSERT INTO public.moon VALUES (1, 'earth_moon', 8, NULL, NULL);
INSERT INTO public.moon VALUES (2, 'moon2', 15, NULL, NULL);
INSERT INTO public.moon VALUES (3, 'moon3', NULL, NULL, NULL);
INSERT INTO public.moon VALUES (4, 'moon4', NULL, NULL, NULL);
INSERT INTO public.moon VALUES (5, 'moon5', NULL, NULL, NULL);
INSERT INTO public.moon VALUES (6, 'moon6', NULL, NULL, NULL);
INSERT INTO public.moon VALUES (7, 'moon7', NULL, NULL, NULL);
INSERT INTO public.moon VALUES (8, 'moon8', NULL, NULL, NULL);
INSERT INTO public.moon VALUES (9, 'moon9', NULL, NULL, NULL);
INSERT INTO public.moon VALUES (10, 'moon10', NULL, NULL, NULL);
INSERT INTO public.moon VALUES (11, 'moon11', NULL, NULL, NULL);
INSERT INTO public.moon VALUES (12, 'moon12', NULL, NULL, NULL);
INSERT INTO public.moon VALUES (13, 'moon13', NULL, NULL, NULL);
INSERT INTO public.moon VALUES (14, 'moon14', NULL, NULL, NULL);
INSERT INTO public.moon VALUES (15, 'moon15', NULL, NULL, NULL);
INSERT INTO public.moon VALUES (16, 'moon16', NULL, NULL, NULL);
INSERT INTO public.moon VALUES (17, 'moon17', NULL, NULL, NULL);
INSERT INTO public.moon VALUES (18, 'moon18', NULL, NULL, NULL);
INSERT INTO public.moon VALUES (19, 'moon19', NULL, NULL, NULL);
INSERT INTO public.moon VALUES (20, 'moon20', NULL, NULL, NULL);


--
-- Data for Name: planet; Type: TABLE DATA; Schema: public; Owner: freecodecamp
--

INSERT INTO public.planet VALUES (8, 'earth', 1, NULL, true, NULL, NULL, NULL);
INSERT INTO public.planet VALUES (9, 'mars', 1, NULL, false, NULL, NULL, NULL);
INSERT INTO public.planet VALUES (10, 'mercury', 1, NULL, false, NULL, NULL, NULL);
INSERT INTO public.planet VALUES (11, 'venus', 1, NULL, false, NULL, NULL, NULL);
INSERT INTO public.planet VALUES (12, 'uranus', 1, NULL, false, NULL, NULL, NULL);
INSERT INTO public.planet VALUES (13, 'neptune', 1, NULL, false, NULL, NULL, NULL);
INSERT INTO public.planet VALUES (14, 'jupiter', 1, NULL, false, NULL, NULL, NULL);
INSERT INTO public.planet VALUES (15, 'saturn', 1, NULL, false, NULL, NULL, NULL);
INSERT INTO public.planet VALUES (16, 'planet9', 2, NULL, false, NULL, NULL, NULL);
INSERT INTO public.planet VALUES (17, 'planet10', 3, NULL, false, NULL, NULL, NULL);
INSERT INTO public.planet VALUES (18, 'planet11', 4, NULL, false, NULL, NULL, NULL);
INSERT INTO public.planet VALUES (19, 'planet12', 5, NULL, false, NULL, NULL, NULL);


--
-- Data for Name: star; Type: TABLE DATA; Schema: public; Owner: freecodecamp
--

INSERT INTO public.star VALUES (1, 'sun', 1, 'Sun this the star of our solar system, i.e. the earth.', 5);
INSERT INTO public.star VALUES (2, 'star2', 2, 'This is some description about star2.', 12);
INSERT INTO public.star VALUES (3, 'star3', 3, NULL, 7);
INSERT INTO public.star VALUES (4, 'star4', 4, NULL, 9);
INSERT INTO public.star VALUES (5, 'star5', 5, 'This is some description about star5.', 2);
INSERT INTO public.star VALUES (6, 'star6', 6, NULL, 15);


--
-- Name: blackhole_blackhole_id_seq; Type: SEQUENCE SET; Schema: public; Owner: freecodecamp
--

SELECT pg_catalog.setval('public.blackhole_blackhole_id_seq', 3, true);


--
-- Name: galaxy_galaxy_id_seq; Type: SEQUENCE SET; Schema: public; Owner: freecodecamp
--

SELECT pg_catalog.setval('public.galaxy_galaxy_id_seq', 6, true);


--
-- Name: moon_moon_id_seq; Type: SEQUENCE SET; Schema: public; Owner: freecodecamp
--

SELECT pg_catalog.setval('public.moon_moon_id_seq', 20, true);


--
-- Name: planet_planet_id_seq; Type: SEQUENCE SET; Schema: public; Owner: freecodecamp
--

SELECT pg_catalog.setval('public.planet_planet_id_seq', 19, true);


--
-- Name: star_star_id_seq; Type: SEQUENCE SET; Schema: public; Owner: freecodecamp
--

SELECT pg_catalog.setval('public.star_star_id_seq', 6, true);


--
-- Name: blackhole blackhole_galaxy_id_key; Type: CONSTRAINT; Schema: public; Owner: freecodecamp
--

ALTER TABLE ONLY public.blackhole
    ADD CONSTRAINT blackhole_galaxy_id_key UNIQUE (galaxy_id);


--
-- Name: blackhole blackhole_name_key; Type: CONSTRAINT; Schema: public; Owner: freecodecamp
--

ALTER TABLE ONLY public.blackhole
    ADD CONSTRAINT blackhole_name_key UNIQUE (name);


--
-- Name: blackhole blackhole_pkey; Type: CONSTRAINT; Schema: public; Owner: freecodecamp
--

ALTER TABLE ONLY public.blackhole
    ADD CONSTRAINT blackhole_pkey PRIMARY KEY (blackhole_id);


--
-- Name: galaxy galaxy_name_key; Type: CONSTRAINT; Schema: public; Owner: freecodecamp
--

ALTER TABLE ONLY public.galaxy
    ADD CONSTRAINT galaxy_name_key UNIQUE (name);


--
-- Name: galaxy galaxy_pkey; Type: CONSTRAINT; Schema: public; Owner: freecodecamp
--

ALTER TABLE ONLY public.galaxy
    ADD CONSTRAINT galaxy_pkey PRIMARY KEY (galaxy_id);


--
-- Name: moon moon_name_key; Type: CONSTRAINT; Schema: public; Owner: freecodecamp
--

ALTER TABLE ONLY public.moon
    ADD CONSTRAINT moon_name_key UNIQUE (name);


--
-- Name: moon moon_pkey; Type: CONSTRAINT; Schema: public; Owner: freecodecamp
--

ALTER TABLE ONLY public.moon
    ADD CONSTRAINT moon_pkey PRIMARY KEY (moon_id);


--
-- Name: moon moon_planet_id_key; Type: CONSTRAINT; Schema: public; Owner: freecodecamp
--

ALTER TABLE ONLY public.moon
    ADD CONSTRAINT moon_planet_id_key UNIQUE (planet_id);


--
-- Name: planet planet_name_key; Type: CONSTRAINT; Schema: public; Owner: freecodecamp
--

ALTER TABLE ONLY public.planet
    ADD CONSTRAINT planet_name_key UNIQUE (name);


--
-- Name: planet planet_pkey; Type: CONSTRAINT; Schema: public; Owner: freecodecamp
--

ALTER TABLE ONLY public.planet
    ADD CONSTRAINT planet_pkey PRIMARY KEY (planet_id);


--
-- Name: star star_galaxy_id_key; Type: CONSTRAINT; Schema: public; Owner: freecodecamp
--

ALTER TABLE ONLY public.star
    ADD CONSTRAINT star_galaxy_id_key UNIQUE (galaxy_id);


--
-- Name: star star_name_key; Type: CONSTRAINT; Schema: public; Owner: freecodecamp
--

ALTER TABLE ONLY public.star
    ADD CONSTRAINT star_name_key UNIQUE (name);


--
-- Name: star star_pkey; Type: CONSTRAINT; Schema: public; Owner: freecodecamp
--

ALTER TABLE ONLY public.star
    ADD CONSTRAINT star_pkey PRIMARY KEY (star_id);


--
-- Name: blackhole blackhole_galaxy_id_fkey; Type: FK CONSTRAINT; Schema: public; Owner: freecodecamp
--

ALTER TABLE ONLY public.blackhole
    ADD CONSTRAINT blackhole_galaxy_id_fkey FOREIGN KEY (galaxy_id) REFERENCES public.galaxy(galaxy_id);


--
-- Name: moon moon_planet_id_fkey; Type: FK CONSTRAINT; Schema: public; Owner: freecodecamp
--

ALTER TABLE ONLY public.moon
    ADD CONSTRAINT moon_planet_id_fkey FOREIGN KEY (planet_id) REFERENCES public.planet(planet_id);


--
-- Name: planet planet_star_id_fkey; Type: FK CONSTRAINT; Schema: public; Owner: freecodecamp
--

ALTER TABLE ONLY public.planet
    ADD CONSTRAINT planet_star_id_fkey FOREIGN KEY (star_id) REFERENCES public.star(star_id);


--
-- Name: star star_galaxy_id_fkey; Type: FK CONSTRAINT; Schema: public; Owner: freecodecamp
--

ALTER TABLE ONLY public.star
    ADD CONSTRAINT star_galaxy_id_fkey FOREIGN KEY (galaxy_id) REFERENCES public.galaxy(galaxy_id);


--
-- PostgreSQL database dump complete
--

